{
    "name": "Axe Mastery",
    "description": "Your vast experiences wielding axes in combat allow you to do more damage with them.",
    "condition": {
        "type": "origins:equipped_item",
        "equipment_slot": "mainhand",
        "item_condition": {
            "type": "origins:ingredient",
            "ingredient": {
                "tag": "minecraft:axes"
            }
        }
    },
    "type": "origins:modify_damage_dealt",
    "modifier": {
        "operation": "addition",
        "value": 2
    }
}