{
    "name": "Damaged Tendons",
    "description": "Lingering wounds hinder your ability to use swords, causing you to only deal half damage when wielding them.",
    "condition": {
        "type": "origins:equipped_item",
        "equipment_slot": "mainhand",
        "item_condition": {
            "type": "origins:ingredient",
            "ingredient": [
                {
                    "tag": "minecraft:swords"
                },
                {
                    "item": "tetra:modular_sword"
                }
            ]
        }
    },
    "type": "origins:modify_damage_dealt",
    "modifier": {
        "operation": "multiply_base",
        "value": -0.5
    }
}