{
    "name": "Blazeborn",
    "description": "Late descendants of the Blaze, the Blazeborn are naturally immune to the perils of the Nether.",
    "powers": [
        "origins:fire_immunity",
        "origins:nether_spawn",
        "origins:burning_wrath",
        "origins:blazing_feet",
        "origins:hotblooded",
        "origins:water_vulnerability",
        "origins:flame_particles",
        "origins:damage_from_snowballs",
        "origins:damage_from_potions"
    ],
    "icon": {
        "item": "blaze_powder"
    },
    "impact": 3,
    "loading_priority": 10
}