{
    "name": "invis_resource",
    "description": ":3 oopsie",
    "hidden": true,
    "type": "origins:resource",
    "min": 0,
    "max": 120,
    "start_value": 120,
    "hud_render": {
        "should_render": true,
        "sprite_location": "origins:textures/gui/community/huang/resource_bar_01.png",
        "bar_index": 5,
        "condition": {
            "type": "origins:resource",
            "resource": "aigo:fey_invis_resource",
            "comparison": "==",
            "compare_to": 120
        }
    },
    "min_action": {
        "type": "origins:toggle",
        "power": "aigo:dummy_invis"
    }
}