{
    "name": "Hraesvelgr",
    "description": "Hailing from far off lands, you are a Hraesvelgr, a type of jotnar, on a journey across the world, in search for adventure, combat, and treasure.",
    "powers": [
        "cirn_origin:adventurers_pot",
        "cirn_origin:axe_mastery",
        "cirn_origin:undaunted",
        "cirn_origin:undaunted_2",
        "cirn_origin:scavenger",
        "cirn_origin:scavenger_2",
        "cirn_origin:wanderlust",
        "cirn_origin:damaged_tendons",
        "cirn_origin:extreme_metabolism",
        "cirn_origin:pariah",
        "cirn_origin:pariah_2",
        "cirn_origin:two_left_thumbs"
    ],
    "icon": {
        "item": "minecraft:netherite_axe",
        "amount": 1
    },
    "impact": 2
}