{
    "name": "Hungerless",
    "description": "You will never lose hunger.\nFor balance reasons, you will not gain saturation, causing your healing to always be slow. However, you are able to eat food even when full to gain saturation.",
    "type": "origins:multiple",
    "key0": {
        "type": "origins:effect_immunity",
        "effect": "hunger"
    },
    "key1": {
        "condition": {
            "type": "origins:food_level",
            "comparison": "<",
            "compare_to": 20
        },
        "type": "origins:stacking_status_effect",
        "min_stacks": 1,
        "max_stacks": 1,
        "duration_per_stack": 1,
        "tick_rate": 1,
        "effect": {
            "effect": "saturation",
            "duration": 1,
            "amplifier": 1,
            "is_ambient": true,
            "show_particles": false,
            "show_icon": false
        }
    },
    "key2": {
        "type": "origins:modify_food",
        "always_edible": true
    }
}