{
    "name": "Kill Count",
    "description": "This power is hidden, but it handles the actual ticking of the Bloodthirst resource.",
    "hidden": true,
    "type": "origins:multiple",
    "on_kill": {
        "type": "origins:self_action_on_kill",
        "entity_action": {
            "type": "origins:modify_resource",
            "resource": "aigo:bloodthirst",
            "modifier": {
                "operation": "add_base_early",
                "value": 1
            }
        },
        "cooldown": 0
    },
    "tick_down": {
        "condition": {
            "inverted": true,
            "type": "origins:resource",
            "resource": "aigo:bloodthirst",
            "comparison": "==",
            "compare_to": 0
        },
        "type": "origins:action_over_time",
        "interval": 40,
        "entity_action": {
            "type": "origins:modify_resource",
            "resource": "aigo:bloodthirst",
            "modifier": {
                "operation": "add_base_early",
                "value": -1
            }
        }
    }
}