{
    "name": "Feline",
    "description": "With their cat-like appearance, the Feline scare creepers away. With the dexterity of cats, they always land safely on their feet.",
    "powers": [
        "origins:fall_immunity",
        "origins:sprint_jump",
        "origins:nine_lives",
        "origins:velvet_paws",
        "origins:scare_creepers",
        "origins:cat_vision",
        "origins:carnivore"
    ],
    "icon": {
        "item": "orange_wool"
    },
    "impact": 1,
    "loading_priority": 10
}